{"Wiskunde": [66.66666666666666, 66.66666666666666], "Frans": [28.999999999999996], "Engels": []}